LATITUDE,LONGITUDE,date,class,cause,county,size
35.87323333,-82.59318333,04-02-2014,B,Debris Burning,Madison,1.0
34.8512267,-89.3250919,03-19-2014,C,Campfire,BENTON,76.0
40.8111,-73.4863,11-04-2014,B,Miscellaneous,NASSAU,1.3
26.6588,-81.5985,05-26-2014,A,Lightning,Lee,0.1
44.3538,-73.8547,11-16-2014,A,Miscellaneous,ESSEX,0.1
34.9092,-98.128,01-25-2014,C,Miscellaneous,,79.0
33.4474624,-94.6035195,11-27-2014,B,Debris Burning,Bowie,0.5
33.465636,-96.159612,05-01-2014,B,Debris Burning,Fannin,1.0
31.035443,-87.047044,05-02-2014,B,Arson,Escambia,1.0
30.73803203,-89.75394486,01-18-2014,C,Debris Burning,PEARL RIVER,25.0
36.05906,-92.92613,04-16-2014,B,Debris Burning,SEARCY,9.0
27.5849,-80.8464,04-12-2014,C,Debris Burning,Okeechobee,25.0
30.91963,-93.24603,11-28-2014,B,Equipment Use,Vernon,2.1
36.86722222,-92.0675,05-01-2014,C,Miscellaneous,Howell,12.5
32.271277,-94.949126,05-01-2014,B,Powerline,Rusk,1.0
36.6635,-119.7243,04-24-2014,A,Miscellaneous,FRESNO,0.1
33.98067,-94.82017,09-25-2014,B,Arson,45,0.5
34.78863192,-88.21875722,05-07-2014,B,Debris Burning,TISHOMINGO,3.0
37.82916667,-79.40555556,02-23-2014,B,Debris Burning,Rockbridge,2.0
33.2773,-112.797,02-28-2014,A,Missing/Undefined,Maricopa,0.1
30.2951,-82.769,02-19-2014,C,Debris Burning,Columbia,19.3
31.52719,-93.71936,04-11-2014,A,Arson,Sabine,0.09
37.77076,-83.047272,11-24-2014,B,Debris Burning,Magoffin,4.0
35.13971666,-83.38193333,01-26-2014,A,Miscellaneous,Macon,0.1
34.87799167,-85.00181667,04-23-2014,B,Debris Burning,Whitfield           ,1.3
37.986801,-83.039093,02-27-2014,B,Campfire,Morgan,0.4
65.191527,-147.254,05-24-2014,A,Missing/Undefined,,0.1
33.5313,-112.0989,02-15-2014,A,Missing/Undefined,Maricopa,0.1
31.431886,-97.621765,05-21-2014,B,Debris Burning,Coryell,2.0
35.85666667,-106.49055556,07-16-2014,A,Lightning,Sandoval,0.1
43.41027778,-109.60416667,07-31-2014,A,Campfire,Fremont,0.1
33.3428,-111.7723,01-31-2014,A,Missing/Undefined,Maricopa,0.1
40.57625,-108.09547,07-25-2014,A,Lightning,Moffat,0.2
34.4787325,-102.478895,02-13-2014,B,Miscellaneous,Castro,2.0
26.9519,-81.752,03-12-2014,B,Campfire,Charlotte,7.0
31.969,-84.86954722,11-14-2014,A,Debris Burning,Stewart             ,0.21
28.928394,-97.032988,02-13-2014,B,Miscellaneous,Victoria,2.0
35.62073333,-82.26655,05-23-2014,A,Miscellaneous,McDowell,0.1
32.40355556,-83.79430556,03-02-2014,B,Debris Burning,Houston             ,7.78
28.538386,-98.189964,06-11-2014,B,Equipment Use,Live Oak,0.5
39.92972222,-120.84388889,10-13-2014,A,Equipment Use,Plumas,0.1
42.7847,-74.0916,11-09-2014,A,Miscellaneous,SCHENECTADY,0.1
32.8737,-116.923817,04-21-2014,A,Missing/Undefined,SAN DIEGO,0.25
48.13694444,-120.89666667,09-20-2014,A,Lightning,Chelan,0.01
33.379244,-96.902204,01-27-2014,A,Miscellaneous,Denton,0.25
32.800773,-95.022742,12-04-2014,B,Powerline,Upshur,1.0
32.39091,-99.472919,09-19-2014,B,Debris Burning,Callahan,0.5
28.884338,-96.76776,02-14-2014,B,Debris Burning,Victoria,1.0
33.32146667,-94.07676667,10-08-2014,B,Debris Burning,Bowie,2.0
32.85656761,-89.54711668,01-23-2014,B,Debris Burning,LEAKE,1.0
35.98795,-91.43618,02-22-2014,B,Debris Burning,SHARP,5.0
46.06444444,-114.24944444,07-10-2014,A,Miscellaneous,Ravalli,0.25
42.631054,-95.760956,04-01-2014,B,Debris Burning,Cherokee,3.0
35.72126666,-80.48923333,02-24-2014,B,Debris Burning,Rowan,0.3
43.6,-122.9611,08-11-2014,A,Lightning,Lane,0.1
37.91797,-122.489666,05-15-2014,A,Equipment Use,MARIN,0.1
34.74663333,-78.56818333,03-22-2014,B,Arson,Bladen,2.0
33.670418,-80.484436,03-15-2014,A,Arson,Clarendon County,0.2
39.3914,-115.5822,07-18-2014,A,Lightning,White Pine,0.1
37.585041,-83.243599,04-10-2014,B,Campfire,Breathitt,1.0
35.3175,-81.21303333,11-05-2014,A,Debris Burning,Gaston,0.1
33.5345,-112.1569,05-21-2014,A,Missing/Undefined,Maricopa,0.1
44.01416667,-115.76972222,07-31-2014,A,Lightning,Boise,0.1
34.63583333,-85.23722222,05-30-2014,B,Debris Burning,Walker              ,1.0
37.4818,-83.489388,03-24-2014,B,Debris Burning,Breathitt,1.0
29.6978996,-98.1027831,04-04-2014,A,Miscellaneous,Comal,0.01
34.24972222,-83.06638889,06-10-2014,B,Debris Burning,Hart                ,4.86
30.627679,-97.6380739,12-22-2014,B,Miscellaneous,Williamson,5.0
48.65777778,-115.64666667,08-03-2014,A,Lightning,Lincoln,0.1
43.0025,-108.7625,10-03-2014,B,Debris Burning,,0.5
31.12197243,-88.5544912,11-29-2014,B,Campfire,GREENE,3.0
47.868,-94.9183,10-24-2014,B,Arson,,2.0
46.73166667,-121.15777778,09-04-2014,A,Lightning,Yakima,0.1
37.59737026,-81.86906931,04-03-2014,B,Debris Burning,Mingo,3.0
33.24273611,-82.54033333,12-19-2014,B,Smoking,Glascock            ,0.96
42.92833333,-122.61222222,10-10-2014,A,Campfire,Douglas,0.1
34.88488333,-84.76049167,04-01-2014,B,Debris Burning,Murray              ,6.0
42.1216,-75.885,03-23-2014,B,Debris Burning,BROOME,1.1
36.322133,-83.808117,04-03-2014,B,Debris Burning,UNION,5.0
47.02283,-106.57886,06-23-2014,B,Equipment Use,Garfield,0.4
40.67655,-96.16042,04-20-2014,C,Arson,,10.0
33.491249,-81.514824,03-22-2014,B,Powerline,Aiken County,1.0
33.376514,-79.934334,01-22-2014,B,Debris Burning,Berkeley County,8.0
31.56536667,-82.72036944,03-31-2014,B,Debris Burning,Coffee              ,2.4
34.0323,-109.7634,08-01-2014,A,Lightning,,0.2
32.524243,-98.159752,02-17-2014,B,Equipment Use,Palo Pinto,2.0
48.28,-114.05083333,07-02-2014,A,Campfire,Flathead,0.01
38.389,-93.11933333,01-29-2014,B,Debris Burning,Benton,5.0
38.1575,-92.5029,04-17-2014,B,Miscellaneous,Miller,4.0
35.497461,-82.567681,04-03-2014,A,Arson,,0.2
31.63305556,-83.48305556,02-19-2014,B,Debris Burning,Irwin               ,1.8
47.3181,-95.5939,05-04-2014,B,Children,,1.0
33.879989,-86.893152,04-01-2014,C,Miscellaneous,Blount,50.0
31.9939,-90.9039,03-21-2014,C,Debris Burning,,30.0
37.914169,-83.779846,11-24-2014,C,Debris Burning,Johnson,45.099998
39.968089,-89.864689,04-14-2014,A,Debris Burning,65,0.1
32.84938,-95.338883,10-04-2014,B,Debris Burning,Wood,5.0
36.680149,-85.369347,02-25-2014,B,Debris Burning,Cumberland,6.0
33.41861,-79.985497,04-03-2014,A,Debris Burning,Berkeley County,0.2
32.38926667,-83.2052,11-09-2014,A,Debris Burning,Dodge               ,0.24
48.31619,-118.22487,09-13-2014,A,Children,,0.1
32.50605556,-84.06966667,03-08-2014,B,Debris Burning,Macon               ,3.26
33.5023,-112.2967,08-30-2014,A,Missing/Undefined,Maricopa,0.1
33.02055556,-82.48138889,03-14-2014,B,Debris Burning,Jefferson           ,2.57
37.245361,-87.168129,03-21-2014,B,Campfire,Muhlenberg,2.0
34.55086666,-79.22625,03-02-2014,B,Miscellaneous,Robeson,3.0
36.445522,-105.563072,09-01-2014,B,Miscellaneous,,0.5
40.4947,-74.7578,11-05-2014,A,Miscellaneous,Somerset,0.25
35.23693333,-82.30023333,02-24-2014,B,Arson,Polk,0.3
31.95588889,-83.52210833,02-09-2014,A,Debris Burning,Wilcox              ,0.1
32.98861111,-81.79611111,03-27-2014,B,Children,Burke               ,2.64
42.62111111,-122.36777778,07-30-2014,A,Lightning,Jackson,0.1
34.85205,-79.672,01-06-2014,B,Miscellaneous,Richmond,0.3
42.7056,-122.8103,07-30-2014,B,Lightning,Jackson,5.0
39.71550975,-80.00360132,04-01-2014,B,Debris Burning,Monongalia,2.0
48.65777778,-114.98305556,08-01-2014,A,Lightning,Lincoln,0.1
34.43239042,-88.3950425,03-13-2014,B,Campfire,ITAWAMBA,6.0
48.25325,-109.78675,04-22-2014,B,Debris Burning,,4.5
37.730671,-83.143738,02-24-2014,C,Debris Burning,Magoffin,55.0
25.4737,-80.5018,05-24-2014,B,Arson,Miami-Dade,7.0
43.76684,-118.20749,06-16-2014,B,Equipment Use,Malheur,2.7
33.1311,-92.4036,09-30-2014,B,Miscellaneous,UNION,2.0
44.70331,-100.08051,04-06-2014,A,Miscellaneous,Sully,0.1
33.768453,-117.14723,11-26-2014,B,Debris Burning,RIVERSIDE,1.0
32.37166667,-82.07490556,08-14-2014,A,Lightning,Candler             ,0.05
33.912663,-87.120769,01-27-2014,C,Miscellaneous,Walker,13.0
31.809354,-87.236492,06-03-2014,A,Equipment Use,Monroe,0.1
36.08472,-91.73115,04-10-2014,C,Debris Burning,IZARD,16.0
47.98833333,-120.34555556,07-28-2014,B,Miscellaneous,Chelan,1.0
32.426268,-98.350039,05-15-2014,C,Arson,Erath,60.0
35.7936,-110.4325,04-07-2014,B,Debris Burning,,1.5
34.88946666,-79.7698,12-26-2014,B,Debris Burning,Richmond,2.0
42.2027,-78.9713,04-10-2014,A,Arson,CATTARAUGUS,0.1
43.79138889,-119.70583333,06-03-2014,B,Lightning,Harney,0.5
37.1583,-107.2886,06-01-2014,B,Missing/Undefined,,6.0
32.57302,-85.944768,03-01-2014,B,Miscellaneous,Elmore,1.5
41.91333,-77.60167,03-18-2014,A,Debris Burning,TIOGA,0.1
48.0211,-94.8997,04-18-2014,B,Children,,0.3
39.006006,-121.610628,06-17-2014,A,Equipment Use,SUTTER,0.01
31.177009,-95.04766,03-20-2014,D,Miscellaneous,Trinity,200.0
31.04887077,-90.70247587,11-20-2014,B,Campfire,AMITE,1.0
46.34603,-120.34667,03-14-2014,A,Debris Burning,,0.2
33.474957,-81.534843,01-21-2014,B,Debris Burning,Aiken County,1.0
33.71488056,-82.49997778,01-21-2014,B,Debris Burning,Lincoln             ,1.2
46.47856,-120.58057,03-19-2014,C,Debris Burning,,30.0
40.30278,-98.06777,02-19-2014,C,Equipment Use,,10.0
35.334733,-88.11645,05-06-2014,B,Debris Burning,HARDIN,2.0
39.44128,-110.9883,08-09-2014,A,Lightning,Carbon,0.1
41.58855,-76.83934,05-07-2014,B,Campfire,LYCOMING,1.0
35.982817,-87.314283,01-22-2014,B,Arson,DICKSON,3.0
38.31638889,-112.27916667,07-28-2014,A,Lightning,Beaver,0.1
32.8001522,-97.433061,11-07-2014,A,Miscellaneous,Tarrant,0.01
42.098,-75.8633,04-10-2014,B,Miscellaneous,BROOME,2.83
34.65817,-94.94117,11-10-2014,C,Arson,40,40.0
41.35114,-103.1068,08-07-2014,B,Lightning,,2.0
33.5348,-112.1718,07-19-2014,A,Missing/Undefined,Maricopa,0.1
34.94773333,-79.89923333,05-23-2014,B,Equipment Use,Anson,0.4
33.21694444,-82.08833333,03-26-2014,B,Debris Burning,Burke               ,2.1
32.7168364,-96.7439772,12-13-2014,A,Miscellaneous,Dallas,0.12
43.29972,-124.21,09-01-2014,A,Miscellaneous,Coos,0.01
43.19972,-123.16222,06-08-2014,A,Equipment Use,Douglas,0.2
35.36538,-94.73677,02-18-2014,C,Debris Burning,68,15.0
34.5866,-112.2932,05-14-2014,A,Missing/Undefined,Yavapai,0.02
33.13164722,-82.61450278,11-03-2014,A,Debris Burning,Glascock            ,0.15
42.27732,-97.18721,02-15-2014,B,Miscellaneous,,1.0
34.02049,-86.595369,03-21-2014,A,Miscellaneous,Blount,0.1
32.13201563,-90.46599787,01-17-2014,B,Debris Burning,HINDS,3.0
42.34277778,-122.47805556,05-07-2014,A,Miscellaneous,Jackson,0.01
48.4289,-118.225,08-03-2014,B,Lightning,,0.3
27.5499,-80.8274,01-27-2014,C,Debris Burning,Okeechobee,35.0
32.760342,-81.096359,03-02-2014,B,Debris Burning,Hampton County,3.0
36.29925,-80.00403333,04-02-2014,A,Debris Burning,Rockingham,0.1
31.945207,-97.328374,04-23-2014,B,Arson,Hill,0.5
46.8005,-123.0449,07-04-2014,A,Miscellaneous,067,0.16
36.33083333,-80.64783333,01-20-2014,A,Debris Burning,Surry,0.2
40.56,-80.20639,04-01-2014,A,Railroad,ALLEGHENY,0.25
33.042797,-80.41317,05-12-2014,A,Debris Burning,Colleton County,0.1
47.7156,-102.7378,03-13-2014,D,Miscellaneous,,120.0
35.182117,-120.738517,05-06-2014,B,Miscellaneous,SAN LUIS OBISPO,5.0
37.558499,-90.195916,03-15-2014,B,Smoking,Madison,5.0
40.113,-74.2831,06-27-2014,A,Debris Burning,Monmouth,0.25
33.0776,-111.7515,02-12-2014,A,Arson,,0.1
40.92064,-117.65042,07-31-2014,A,Campfire,Humboldt,0.1
34.505136,-86.194384,01-27-2014,B,Miscellaneous,Marshall,8.0
36.4833,-96.1519,11-28-2014,C,Equipment Use,,90.0
44.2186,-99.9525,03-23-2014,B,Arson,,1.5
34.73275,-79.06103333,09-01-2014,C,Debris Burning,Robeson,35.0
43.2544552,-99.53098297,05-29-2014,B,Miscellaneous,Gregory,2.0
44.02,-119.06111111,09-24-2014,A,Lightning,Grant,0.25
44.55777778,-116.15194444,07-12-2014,A,Miscellaneous,Valley,0.1
32.43733,-94.713177,07-10-2014,A,Miscellaneous,Gregg,0.25
33.659703,-116.181736,10-22-2014,B,Arson,RIVERSIDE,1.0
43.1872,-108.3625,10-24-2014,B,Debris Burning,Fremont,1.0
34.90093333,-79.3428,04-10-2014,C,Arson,Hoke,10.0
44.01037,-84.5392,04-21-2014,B,Debris Burning,Gladwin,3.9
43.97166667,-119.47472222,08-01-2014,A,Lightning,Grant,0.25
34.93026666,-80.11156666,03-30-2014,B,Children,Anson,0.5
46.13139,-123.94556,09-06-2014,B,Miscellaneous,Clatsop,5.37
40.33028,-76.09583,11-04-2014,B,Railroad,BERKS,1.3
45.24778,-122.16861,06-09-2014,A,Debris Burning,Clackamas,0.1
29.5435,-81.6033,11-03-2014,B,Lightning,Putnam,5.0
34.92389,-91.33889,11-18-2014,D,Arson,Woodruff,126.0
40.13083333,-120.73527778,07-21-2014,A,Lightning,Plumas,0.01
30.751,-93.348,01-21-2014,B,Debris Burning,Beauregard,2.2
40.1931,-74.2219,11-30-2014,A,Debris Burning,Middlesex,0.25
35.91773333,-79.95778333,12-21-2014,A,Miscellaneous,Guilford,0.1
32.926644,-94.908668,01-27-2014,B,Debris Burning,Camp,1.5
35.516869,-100.53812,02-20-2014,C,Miscellaneous,Wheeler,20.0
35.6138889,-81.7713889,12-13-2014,E,Missing/Undefined,023,300.0
47.51548685,-94.98337146,08-07-2014,B,Debris Burning,Beltrami,0.5
27.330143,-99.509654,04-14-2014,B,Debris Burning,Webb,1.0
35.977067,-89.379883,05-04-2014,B,Debris Burning,DYER,2.0
40.524783,-120.656383,07-30-2014,A,Lightning,LASSEN,0.1
40.8059,-73.9173,04-06-2014,A,Smoking,BRONX,0.1
25.6683,-80.8589,03-05-2014,D,Miscellaneous,,233.0
33.583706,-86.316615,04-01-2014,B,Arson,Saint Clair,2.0
35.31548333,-80.25721666,01-20-2014,B,Debris Burning,Stanly,0.5
32.3944,-94.82543333,09-22-2014,B,Debris Burning,Gregg,5.0
37.81138889,-83.65583333,04-18-2014,C,Campfire,Wolfe,50.0
35.61101666,-82.70843333,02-24-2014,A,Miscellaneous,Buncombe,0.1
30.975691,-88.115691,01-25-2014,C,Arson,Mobile,65.0
48.0363,-117.6956,08-20-2014,A,Lightning,065,0.01
32.93710833,-84.203425,08-26-2014,B,Debris Burning,Upson               ,2.0
33.535172,-80.238281,03-15-2014,B,Debris Burning,Clarendon County,0.5
27.6525,-82.2941,05-28-2014,C,Lightning,Hillsborough,15.0
35.54833333,-79.6079,07-18-2014,A,Debris Burning,Randolph,0.1
28.8931,-81.7289,04-01-2014,B,Arson,Lake,1.0
45.668458,-100.541154,10-26-2014,A,Miscellaneous,Corson,0.1
33.4802,-112.0644,06-19-2014,A,Missing/Undefined,Maricopa,0.1
34.6684,-79.1928,08-29-2014,B,Arson,Robeson,1.0
39.018567,-120.89615,05-28-2014,B,Miscellaneous,PLACER,0.54
38.9275,-78.10833333,03-15-2014,A,Miscellaneous,Warren,0.2
41.72188,-97.69487,02-19-2014,B,Miscellaneous,,5.0
41.4182,-73.9425,09-10-2014,A,Smoking,PUTNAM,0.1
48.405,-113.24145,05-21-2014,A,Missing/Undefined,,0.1
42.68795,-96.9679,04-19-2014,B,Debris Burning,,1.0
33.4248302,-95.9463564,06-13-2014,B,Smoking,Fannin,1.0
44.541374,-69.621742,04-20-2014,B,Campfire,KENNEBEC,2.5
35.8051,-79.03363333,04-12-2014,B,Children,Chatham,0.5
35.7328,-94.5606,01-15-2014,B,Debris Burning,,3.0
33.538609,-79.887672,01-22-2014,B,Arson,Williamsburg County,1.0
34.29421,-93.23288,03-11-2014,B,Arson,HOT SPRING,5.0
31.976665,-97.240419,04-28-2014,B,Debris Burning,Hill,2.0
32.227478,-88.255158,08-01-2014,B,Miscellaneous,Choctaw,2.0
37.24976,-82.800087,03-08-2014,B,Debris Burning,Letcher,1.0
44.13111111,-121.88805556,08-18-2014,B,Lightning,Lane,0.75
33.99416,-93.80844,11-28-2014,C,Debris Burning,HEMPSTEAD,18.0
33.914566,-81.405693,08-31-2014,B,Arson,Lexington County,1.0
43.1521,-77.6027,06-07-2014,A,Miscellaneous,MONROE,0.1
35.33111111,-83.04388889,05-06-2014,B,Debris Burning,Jackson,0.5
38.148017,-121.07765,05-08-2014,C,Miscellaneous,SAN JOAQUIN,15.75
32.059414,-97.257356,10-15-2014,B,Equipment Use,Hill,1.0
47.2655623,-95.62511022,04-11-2014,A,Arson,Mahnomen,0.1
43.73583333,-118.86027778,07-15-2014,C,Lightning,Harney,35.0
44.1186,-121.1878,06-29-2014,A,Miscellaneous,Deschutes,0.1
48.843587,-95.0890454,04-18-2014,A,Debris Burning,Lake of the Woods,0.05
32.676178,-81.244125,05-13-2014,B,Equipment Use,Hampton County,2.0
41.69933,-97.63822,03-11-2014,B,Debris Burning,,2.0
33.69777778,-111.18277778,06-30-2014,B,Miscellaneous,Gila,6.0
44.50347,-109.12029,07-18-2014,C,Miscellaneous,Park,40.0
33.4568,-112.1274,11-28-2014,A,Missing/Undefined,Maricopa,0.1
39.6204,-74.3173,03-15-2014,A,Campfire,Ocean,0.25
40.239397,-80.796519,04-12-2014,B,Debris Burning,COSHOCTON,5.0
46.4579544,-116.0364961,08-22-2014,B,Lightning,Clearwater,1.7
30.1588,-97.2269,01-09-2014,A,Debris Burning,Bastrop,0.1
32.1907,-108.3147,06-01-2014,B,Equipment Use,Grant,2.5
30.49425237,-88.85629871,07-09-2014,B,Lightning,JACKSON,1.0
47.965,-124.4176,06-02-2014,A,Fireworks,009,0.1
32.947504,-96.86511,11-10-2014,A,Miscellaneous,Dallas,0.12
41.7725,-123.35583333,08-11-2014,G,Lightning,Siskiyou,115279.2
28.046049,-99.345202,06-05-2014,B,Equipment Use,La Salle,1.0
33.729265,-95.395103,06-03-2014,B,Equipment Use,Lamar,5.0
34.339165,-80.201836,03-02-2014,B,Debris Burning,Lee County,1.0
42.9949,-76.1002,04-12-2014,A,Smoking,ONONDAGA,0.1
32.088137,-86.560373,10-12-2014,C,Miscellaneous,Lowndes,54.0
31.60902778,-83.58108333,04-26-2014,B,Debris Burning,Turner              ,0.33
32.681272,-95.514042,10-30-2014,B,Debris Burning,Wood,1.0
37.102459,-121.876239,09-14-2014,A,Children,SANTA CRUZ,0.2
35.63155,-87.989867,01-24-2014,B,Debris Burning,PERRY,4.0
31.282768,-88.014529,11-07-2014,B,Miscellaneous,Washington,0.5
43.1769,-78.9183,09-27-2014,B,Arson,,2.1
31.460725,-82.6531,07-24-2014,A,Debris Burning,Coffee              ,0.1
36.39001666,-76.42668333,10-13-2014,A,Equipment Use,Pasquotank,0.1
32.0814,-110.8039,04-08-2014,A,Miscellaneous,Pima,0.1
42.75665,-106.51995,07-22-2014,A,Debris Burning,Natrona,0.1
43.98115,-89.82281,03-31-2014,A,Debris Burning,Adams,0.1
36.24181666,-76.0599,10-26-2014,B,Debris Burning,Camden,0.3
30.5761,-83.45,02-16-2014,B,Debris Burning,Madison,5.0
32.66716,-91.528,03-26-2014,C,Debris Burning,West Carroll,17.0
41.443428,-95.846912,01-26-2014,B,Debris Burning,Pottawattamie,3.0
31.15974444,-83.39949722,02-19-2014,B,Debris Burning,Cook                ,0.5
32.66638889,-82.54152778,01-19-2014,B,Debris Burning,Johnson             ,0.47
33.6106477,-96.28178539,11-19-2014,B,Debris Burning,Fannin,1.0
41.448056,-122.500278,07-29-2014,D,Lightning,SISKIYOU,100.0
34.981075,-85.53881667,03-22-2014,C,Debris Burning,Dade                ,17.0
45.48843768,-93.91201402,04-10-2014,B,Equipment Use,Sherburne,2.9
33.750378,-80.216331,01-26-2014,A,Debris Burning,Clarendon County,0.2
32.149164,-97.947922,01-02-2014,B,Equipment Use,Erath,1.0
32.7659723,-88.88091333,01-17-2014,C,Miscellaneous,KEMPER,24.0
32.47494444,-81.41660833,11-30-2014,B,Campfire,Effingham           ,3.0
32.246205,-86.987611,11-04-2014,C,Arson,Dallas,13.0
35.384017,-84.76965,12-01-2014,C,Arson,MCMINN,10.0
44.63666667,-121.825,07-13-2014,A,Lightning,Linn,0.1
43.82692,-90.07201,04-22-2014,A,Equipment Use,Juneau,0.01
40.7855,-72.944,03-26-2014,B,Miscellaneous,SUFFOLK,1.08
39.3708,-74.9987,09-23-2014,B,Campfire,Cumberland,1.0
43.40833333,-122.37194444,07-30-2014,B,Lightning,Lane,1.5
30.81638889,-84.91638889,04-13-2014,B,Debris Burning,Seminole            ,1.5
34.55962927,-88.42774685,05-07-2014,B,Debris Burning,PRENTISS,3.0
30.4153,-83.0871,06-29-2014,A,Equipment Use,Suwannee,0.1
37.727631,-83.587547,11-10-2014,B,Campfire,Wolfe,1.0
32.97677,-91.34119,11-30-2014,C,Debris Burning,West Carroll,87.71
36.17353333,-80.16498333,07-23-2014,A,Arson,Forsyth,0.1
43.2528,-74.2251,05-30-2014,B,Arson,FULTON,1.75
40.1386,-109.0272,05-26-2014,A,Lightning,Rio Blanco,0.1
37.53101,-82.897392,12-01-2014,D,Debris Burning,Magoffin,118.0
31.55336502,-90.38181672,11-27-2014,B,Campfire,LINCOLN,5.0
40.7553,-73.9754,03-11-2014,A,Miscellaneous,NEW YORK,0.1
34.43393333,-78.05023333,12-01-2014,B,Arson,Pender,0.3
40.5423,-74.8646,04-19-2014,B,Debris Burning,Hunterdon,1.0
46.0906,-100.6558,04-19-2014,A,Children,,0.1
40.91833,-78.03472,03-23-2014,B,Debris Burning,CLEARFIELD,0.5
35.96716666,-81.27391666,03-31-2014,B,Debris Burning,Alexander,0.3
33.495041,-79.490768,03-15-2014,B,Debris Burning,Georgetown County,6.0
40.589462,-111.427824,06-21-2014,A,Children,WASATCH,0.1
35.35838333,-81.29506666,03-11-2014,B,Debris Burning,Gaston,0.3
39.69481392,-79.84516567,03-22-2014,A,Debris Burning,Monongalia,0.1
31.840524,-100.292301,04-08-2014,B,Miscellaneous,Coke,1.0
26.1821169,-98.0824749,07-30-2014,B,Debris Burning,Hidalgo,2.0
40.28027778,-121.52416667,07-21-2014,A,Lightning,Tehama,0.1
36.751148,-84.02652,04-18-2014,B,Debris Burning,Whitley,0.5
34.25651705,-89.1087761,02-01-2014,B,Campfire,PONTOTOC,6.0
42.77125,-71.6072767,07-02-2014,A,Miscellaneous,Hillsborough,0.02
24.6743,-81.3457,05-26-2014,A,Smoking,Monroe,0.1
31.80553889,-83.22967778,01-22-2014,B,Debris Burning,Ben Hill            ,1.1
34.8147754,-89.15976947,03-14-2014,C,Campfire,BENTON,15.0
31.32351201,-89.67227381,03-21-2014,B,Campfire,MARION,2.0
38.61236,-109.39308,07-15-2014,A,Lightning,Grand,0.1
33.40477778,-82.619,04-03-2014,B,Debris Burning,Warren              ,1.4
34.34722222,-110.96388889,06-29-2014,B,Miscellaneous,Coconino,0.5
37.445679,-82.618591,04-22-2014,C,Debris Burning,Floyd,20.0
34.856746,-87.026789,11-21-2014,B,Miscellaneous,Limestone,0.5
31.5260447,-94.16688879,05-20-2014,A,Miscellaneous,San Augustine,0.25
39.25833333,-78.275,04-02-2014,C,Lightning,Frederick,19.0
31.053303,-97.613804,08-20-2014,B,Equipment Use,Bell,1.0
35.104095,-82.618507,05-07-2014,B,Smoking,Greenville County,1.0
44.230605,-69.450563,04-25-2014,A,Debris Burning,LINCOLN,0.25
43.10394,-116.04512,07-01-2014,B,Equipment Use,Ada,0.6
34.85025278,-84.38334722,03-21-2014,A,Smoking,Fannin              ,0.24
34.43561389,-83.96054722,04-24-2014,A,Debris Burning,Lumpkin             ,0.1
42.3832,-122.9925,05-21-2014,B,Miscellaneous,Jackson,0.5
30.0124,-81.3676,07-09-2014,B,Lightning,St. Johns,1.0
42.9997,-77.5045,05-26-2014,B,Debris Burning,MONROE,4.25
35.502,-92.5595,02-18-2014,C,Debris Burning,VAN BUREN,18.0
34.16083333,-109.81666667,06-08-2014,A,Equipment Use,Apache,0.1
35.00044,-98.33866,01-04-2014,B,Arson,,0.6
43.341925,-94.728198,07-19-2014,B,Miscellaneous,Emmet,0.5
41.5329,-74.5385,03-22-2014,B,Miscellaneous,SULLIVAN,1.0
41.0517,-123.6808,07-20-2014,A,Arson,,0.2
46.55944444,-114.14694444,07-24-2014,A,Lightning,Ravalli,0.1
27.9932,-81.974,04-12-2014,B,Equipment Use,Polk,4.0
27.426,-81.4013,08-27-2014,A,Equipment Use,Highlands,0.1
44.265,-120.33305556,07-31-2014,B,Lightning,Crook,1.3
34.01945,-93.09662,06-04-2014,B,Equipment Use,CLARK,1.0
44.07851,-83.87527,06-16-2014,B,Miscellaneous,Arenac,1.8
31.83644893,-90.19139691,01-09-2014,B,Campfire,COPIAH,5.0
35.75905,-80.96808333,02-20-2014,A,Debris Burning,Iredell,0.2
40.203569,-82.187344,04-22-2014,B,Debris Burning,LICKING,2.0
42.6875,-77.8781,06-04-2014,A,Arson,LIVINGSTON,0.1
33.491779,-80.510361,02-19-2014,B,Powerline,Orangeburg County,5.0
42.03425,-103.961,04-11-2014,A,Debris Burning,,0.1
48.1066,-117.2603,07-28-2014,B,Miscellaneous,051,0.4
34.60008,-92.60904,01-17-2014,B,Debris Burning,SALINE,1.0
38.65833333,-120.15888889,06-07-2014,B,Lightning,Amador,0.8
36.37733333,-80.50616666,03-12-2014,B,Equipment Use,Surry,0.5
38.3424921,-80.84300951,10-28-2014,C,Arson,Nicholas,12.0
33.8066,-112.5588,11-04-2014,A,Missing/Undefined,Maricopa,0.1
37.57344484,-81.65633547,05-03-2014,B,Equipment Use,Wyoming,0.5
43.4514,-76.5329,04-10-2014,B,Miscellaneous,OSWEGO,2.83
45.01111111,-117.20972222,07-22-2014,A,Lightning,Baker,0.1
32.7635603,-96.7322388,11-28-2014,A,Miscellaneous,Dallas,0.12
35.098817,-87.123417,12-12-2014,B,Structure,GILES,0.5
37.5253,-114.3672,07-05-2014,A,Lightning,White Pine,0.1
37.36363611,-82.12777222,04-19-2014,E,Miscellaneous,Buchanan,600.0
34.31555556,-118.13638889,01-18-2014,B,Miscellaneous,Los Angeles,0.5
44.07916667,-103.54277778,04-08-2014,A,Campfire,Pennington,0.2
32.445612,-85.496658,01-25-2014,B,Miscellaneous,Macon,1.0
48.8508,-100.0455,04-17-2014,B,Arson,,8.0
39.5357,-121.437817,05-02-2014,A,Debris Burning,BUTTE,0.25
40.1996,-74.0207,04-14-2014,B,Miscellaneous,Monmouth,3.0
45.04305556,-115.65111111,08-12-2014,A,Lightning,Valley,0.1
29.5909,-83.0585,09-13-2014,A,Debris Burning,Dixie,0.1
34.446568,-101.694946,01-25-2014,B,Debris Burning,Swisher,3.0
37.32280556,-79.17802778,11-15-2014,B,Miscellaneous,Campbell,0.5
44.13222222,-85.8525,05-10-2014,C,Campfire,Lake,15.0
31.39465833,-81.92206667,03-27-2014,B,Debris Burning,Wayne               ,4.0
42.6045,-77.7577,04-21-2014,A,Miscellaneous,LIVINGSTON,0.1
48.8517,-100.033,04-17-2014,B,Arson,,0.8
35.8511,-81.30086666,03-26-2014,A,Debris Burning,Alexander,0.1
41.599628,-92.68149,05-02-2014,B,Smoking,Poweshiek,6.0
34.69468611,-85.52402778,03-26-2014,C,Arson,Dade                ,11.5
42.5712,-122.6156,06-04-2014,B,Miscellaneous,Jackson,3.5
32.21698889,-81.805475,03-25-2014,B,Debris Burning,Bulloch             ,0.5
41.490964,-95.832195,04-09-2014,B,Debris Burning,Pottawattamie,0.5
35.79575,-80.10268333,03-21-2014,B,Debris Burning,Davidson,0.4
34.35855556,-85.44966944,02-08-2014,A,Arson,Chattooga           ,0.16
30.829067,-103.826933,11-23-2014,C,Powerline,Jeff Davis,12.0
30.6826327,-88.57432712,10-31-2014,B,Debris Burning,JACKSON,2.0
32.808581,-94.953341,01-11-2014,B,Debris Burning,Upshur,1.0
36.51138333,-81.07011666,02-24-2014,B,Equipment Use,Alleghany,5.0
33.11232222,-82.98183056,05-04-2014,B,Debris Burning,Hancock             ,0.5
28.9222773,-96.8417147,01-20-2014,B,Miscellaneous,Victoria,1.0
32.5995,-83.05604444,01-26-2014,B,Arson,Laurens             ,4.31
30.342954,-98.058815,08-23-2014,B,Arson,Travis,0.5
34.1563,-79.976212,04-01-2014,B,Miscellaneous,Darlington County,5.0
32.6039649,-95.8476248,01-14-2014,B,Miscellaneous,Van Zandt,2.0
38.34333333,-119.78888889,07-11-2014,A,Campfire,Tuolumne,0.01
37.1306,-112.1625,07-30-2014,A,Lightning,Kane,0.1
32.9528921,-97.262048,10-06-2014,A,Miscellaneous,Tarrant,0.2
44.0231,-107.9867,07-04-2014,A,Fireworks,Washakie,0.1
41.87099,-103.636,07-04-2014,A,Debris Burning,,0.01
31.5036,-110.808,03-07-2014,A,Miscellaneous,Santa Cruz,0.1
37.980031,-120.316588,08-16-2014,B,Missing/Undefined,,2.0
43.0396,-76.23,05-30-2014,A,Lightning,ONONDAGA,0.1
44.355698,-88.878927,03-31-2014,B,Campfire,Waupaca,0.3
34.81138,-93.83812,03-06-2014,C,Miscellaneous,SCOTT,30.0
41.02778,-78.31472,04-16-2014,A,Arson,CLEARFIELD,0.1
47.30650295,-92.46089164,05-07-2014,B,Debris Burning,St. Louis,1.0
30.35114,-98.14133,05-25-2014,B,Debris Burning,Travis,1.0
43.42722222,-122.37388889,08-06-2014,A,Lightning,Lane,0.1
34.017033,-117.26775,06-28-2014,B,Equipment Use,RIVERSIDE,0.5
37.44555556,-108.34194444,07-12-2014,A,Lightning,Montezuma,0.1
31.54623933,-89.69608667,01-22-2014,C,Debris Burning,JEFFERSON DAVIS,45.0
34.080389,-98.648386,01-26-2014,A,Miscellaneous,Wichita,0.01
44.81497,-108.55008,04-09-2014,C,Lightning,Big Horn,54.0
31.721656,-96.163223,08-24-2014,B,Debris Burning,Freestone,1.0
47.8772,-95.0525,04-20-2014,B,Children,,6.0
40.7307,-73.6937,06-14-2014,A,Miscellaneous,NASSAU,0.1
31.75401389,-82.42381944,08-08-2014,B,Debris Burning,Appling             ,5.51
41.2885,-73.8967,04-21-2014,B,Arson,WESTCHESTER,1.54
36.31043333,-80.94511666,05-03-2014,B,Debris Burning,Wilkes,0.4
31.71255,-92.76341,03-13-2014,B,Debris Burning,Winn,0.94
33.6184,-93.3566,01-29-2014,B,Arson,NEVADA,2.0
35.34371666,-79.39423333,04-13-2014,A,Equipment Use,Moore,0.1
32.4831206,-99.76541859,05-18-2014,A,Miscellaneous,Taylor,0.01
38.1167,-92.4716,07-30-2014,B,Miscellaneous,Miller,5.0
39.37471155,-80.08773421,04-17-2014,B,Debris Burning,Taylor,5.0
34.27726389,-85.14968056,09-21-2014,B,Debris Burning,Floyd               ,0.34
38.71243937,-81.87760902,03-10-2014,B,Equipment Use,Mason,3.0
32.6109845,-95.81999999,01-12-2014,C,Miscellaneous,Van Zandt,12.0
42.440237,-96.095561,03-21-2014,C,Debris Burning,Woodbury,30.0
34.80438333,-79.73391666,03-11-2014,C,Arson,Richmond,10.0
39.13532716,-119.73644855,01-24-2014,A,Miscellaneous,Carson City,0.1
32.4078,-109.9201,06-24-2014,A,Miscellaneous,Cochise,0.18
38.448356,-120.964051,08-15-2014,B,Miscellaneous,AMADOR,0.5
36.274399,-119.090599,07-06-2014,A,Miscellaneous,,0.1
30.8288,-86.8661,03-13-2014,B,Arson,Santa Rosa,4.0
32.967555,-95.139821,10-02-2014,A,Powerline,Camp,0.25
32.1313535,-98.54976579,04-01-2014,B,Debris Burning,Comanche,1.0
40.0271,-74.0816,05-07-2014,A,Miscellaneous,Ocean,0.25
31.88727481,-89.20051412,11-10-2014,B,Campfire,JASPER,5.0
35.20539,-94.41688,03-22-2014,B,Miscellaneous,SEBASTIAN,2.0
31.65276111,-82.78754167,11-01-2014,B,Debris Burning,Coffee              ,1.3
40.4012,-98.29778,01-16-2014,D,Campfire,,127.0
30.2211,-83.1235,11-27-2014,B,Debris Burning,Suwannee,2.0
32.319701,-98.58585,05-22-2014,B,Miscellaneous,Eastland,1.0
30.37123929,-89.42734767,05-04-2014,C,Miscellaneous,HANCOCK,25.0
27.9812077,-98.08058,03-30-2014,A,Equipment Use,Jim Wells,0.25
41.5148,-73.591,09-20-2014,A,Miscellaneous,PUTNAM,0.1
37.29732,-91.00359,03-13-2014,B,Debris Burning,Reynolds,8.0
35.22916667,-108.37861111,06-13-2014,A,Lightning,Cibola,0.1
42.88305556,-122.41972222,08-14-2014,A,Lightning,Jackson,0.1
31.07,-92.571,03-25-2014,A,Arson,Rapides-2,0.25
34.237725,-86.349999,09-26-2014,A,Miscellaneous,Marshall,0.1
31.91835,-84.25516389,08-14-2014,A,Debris Burning,Sumter              ,0.01
35.505,-83.2506,11-15-2014,A,Arson,,0.2
34.289615,-86.995837,02-01-2014,B,Miscellaneous,Cullman,2.0
32.078484,-98.313008,03-14-2014,B,Debris Burning,Erath,1.0
37.7025,-118.98555556,07-29-2014,A,Lightning,Mono,0.1
35.7592,-80.69475,03-22-2014,B,Equipment Use,Rowan,1.5
48.0286,-94.9222,05-26-2014,A,Children,,0.1
48.8347,-99.8364,05-24-2014,C,Arson,,44.0
35.30293,-95.89695,01-30-2014,C,Arson,31,18.0
34.66725,-79.29725,10-28-2014,B,Debris Burning,Robeson,3.0
43.60888889,-111.23916667,08-16-2014,A,Lightning,Bonneville,0.2
46.93573797,-96.15317805,05-04-2014,A,Arson,Becker,0.1
39.27339,-111.10422,07-20-2014,A,Lightning,Emery,0.1
46.88666667,-114.38,08-04-2014,A,Lightning,Missoula,0.1
40.7604,-75.1785,04-20-2014,B,Smoking,Warren,0.5
44.3561,-100.3491,10-30-2014,B,Miscellaneous,Hughes,0.5
44.85925,-108.4664,08-11-2014,A,Missing/Undefined,Washakie,0.2
30.92983,-97.802141,03-04-2014,A,Debris Burning,Bell,0.2
43.9784,-75.5718,09-30-2014,A,Miscellaneous,JEFFERSON,0.1
27.9032,-81.8167,10-09-2014,A,Miscellaneous,Polk,0.1
34.12333333,-117.02777778,10-05-2014,A,Campfire,San Bernardino,0.1
26.7518,-81.7896,06-29-2014,C,Lightning,Lee,20.0
27.0594,-81.3353,03-04-2014,C,Debris Burning,Highlands,55.0
37.249569,-83.772034,11-11-2014,B,Debris Burning,Clay,2.0
35.879,-79.05033333,07-17-2014,A,Debris Burning,Orange,0.2
44.43527778,-116.18888889,08-13-2014,A,Lightning,Gem,0.1
47.7897,-101.9039,04-15-2014,C,Missing/Undefined,,36.0
38.566683,-121.023617,02-21-2014,A,Powerline,EL DORADO,0.1
36.90527778,-78.14388889,03-02-2014,B,Equipment Use,Lunenburg,0.5
43.4069,-90.02623,04-10-2014,A,Miscellaneous,Sauk,0.2
47.5425,-120.2714,07-20-2014,C,Miscellaneous,Douglas,36.0
36.84027778,-78.07083333,04-11-2014,B,Debris Burning,Lunenburg,0.5
31.19606,-93.21268,01-20-2014,A,Debris Burning,Vernon,0.25
33.2393,-96.23971667,08-08-2014,B,Miscellaneous,Hunt,1.0
32.36985978,-89.70289582,02-20-2014,C,Railroad,SCOTT,11.0
47.8828,-94.883,04-19-2014,B,Arson,,0.5
39.4692,-109.7653,09-27-2014,A,Lightning,,0.1
36.2845,-105.582,04-29-2014,A,Debris Burning,Taos,0.1
33.837294,-87.801048,03-31-2014,D,Arson,Fayette,120.0
46.13527778,-113.20388889,06-01-2014,A,Campfire,Deer Lodge,0.01
44.51686,-107.87011,07-07-2014,C,Debris Burning,Big Horn,62.0
41.3521,-74.1746,06-22-2014,A,Lightning,ORANGE,0.1
34.87873333,-77.2358,04-11-2014,B,Debris Burning,Onslow,0.5
47.9808,-95.485,09-16-2014,A,Arson,,0.1
41.6346,-74.7174,04-23-2014,B,Miscellaneous,SULLIVAN,1.25
33.99658333,-78.14535,05-07-2014,A,Debris Burning,Brunswick,0.2
39.8153,-123.2167,06-06-2014,B,Arson,,0.3
43.0927,-75.7102,04-19-2014,B,Miscellaneous,MADISON,0.72
44.06444,-123.82972,09-05-2014,A,Smoking,Lane,0.25
32.972956,-101.613579,01-06-2014,B,Miscellaneous,Lynn,5.0
33.941786,-87.120559,04-24-2014,A,Miscellaneous,Walker,0.1
47.5562,-117.4941,07-28-2014,A,Powerline,063,0.01
36.75305556,-92.09388889,11-02-2014,B,Miscellaneous,Howell,2.6
35.391283,-85.544683,03-14-2014,B,Debris Burning,GRUNDY,1.5
35.84888889,-82.15083333,02-27-2014,B,Miscellaneous,Yancey,1.0
28.1114,-81.4734,01-24-2014,A,Debris Burning,Polk,0.1
41.55361111,-123.56,09-12-2014,B,Arson,Siskiyou,1.37
35.70631666,-82.74933333,03-15-2014,B,Debris Burning,Buncombe,3.0
43.51603,-84.19117,04-23-2014,B,Debris Burning,Midland,1.4
32.659902,-96.268387,07-14-2014,B,Equipment Use,Kaufman,5.0
34.093647,-80.047386,09-01-2014,B,Debris Burning,Florence County,4.0
27.5483,-81.7437,01-11-2014,B,Debris Burning,Hardee,2.0
30.84267889,-88.97126349,03-20-2014,B,Campfire,STONE,1.0
45.93194444,-112.36916667,07-22-2014,A,Campfire,Jefferson,0.1
34.9047,-96.195,01-26-2014,F,Arson,,1349.0
35.43523333,-83.45643333,12-12-2014,B,Debris Burning,Swain,0.5
44.39,-123.33583,09-06-2014,B,Equipment Use,Benton,0.5
30.64666667,-95.55138889,08-24-2014,C,Lightning,Walker,63.0
35.209722,-102.072962,03-17-2014,A,Equipment Use,Potter,0.25
41.618779,-95.93502,04-19-2014,C,Debris Burning,Harrison,18.0
33.0753,-111.9293,01-23-2014,B,Miscellaneous,,1.0
45.6867,-122.2374,08-03-2014,A,Campfire,059,0.1
33.248538,-97.497568,09-18-2014,B,Debris Burning,Wise,1.0
44.42883,-89.68164,04-22-2014,A,Equipment Use,Portage,0.01
36.2467,-114.4917,04-13-2014,A,Miscellaneous,,0.1
30.7238,-86.1729,02-25-2014,A,Debris Burning,Walton,0.1
35.025314,-81.62764,12-02-2014,B,Miscellaneous,Cherokee County,0.5
33.4748,-112.316,04-20-2014,A,Missing/Undefined,Maricopa,0.1
46.96074203,-94.91434327,04-29-2014,B,Equipment Use,Hubbard,7.5
42.5366,-74.1459,06-18-2014,A,Miscellaneous,CHENANGO,0.1
33.617218,-81.929749,10-30-2014,B,Debris Burning,Edgefield County,2.0
33.625,-112.2018,07-18-2014,A,Missing/Undefined,Maricopa,0.1
35.1509,-113.6907,12-10-2014,B,Miscellaneous,Coconino,1.0
35.7072,-114.8169,09-24-2014,A,Miscellaneous,Clark,0.1
42.1057,-77.3422,04-12-2014,B,Miscellaneous,STEUBEN,0.8
40.227167,-123.848517,06-26-2014,A,Miscellaneous,HUMBOLDT,0.02
35.97971666,-80.32311666,06-17-2014,A,Arson,Davidson,0.1
33.61527,-117.103782,09-01-2014,A,Children,RIVERSIDE,0.1
43.496693,-70.440132,05-08-2014,A,Railroad,YORK,0.2
42.1634,-78.9696,06-04-2014,A,Miscellaneous,CATTARAUGUS,0.1
35.17093,-90.83631,02-24-2014,B,Debris Burning,ST FRANCIS,5.0
32.456085,-80.987724,03-02-2014,B,Arson,Jasper County,4.0
35.0717,-86.377217,01-17-2014,B,Smoking,LINCOLN,2.0
34.333549,-100.883846,03-31-2014,B,Debris Burning,Hall,1.0
48.3969,-122.1744,06-06-2014,B,Smoking,057,1.8
34.666666,-119.5,12-13-2014,A,Children,,0.01
39.06854,-81.862534,04-20-2014,B,Debris Burning,MEIGS,2.0
36.47009,-93.18549,08-26-2014,C,Debris Burning,BOONE,25.0
46.27194444,-114.63833333,07-23-2014,C,Lightning,Idaho,66.0
40.404667,-94.357901,04-10-2014,C,Debris Burning,Worth,10.0
34.36534444,-85.01278889,05-05-2014,B,Debris Burning,Bartow              ,1.74
32.980981,-86.034167,01-25-2014,B,Miscellaneous,Coosa,1.5
34.4745,-85.31485278,04-17-2014,B,Debris Burning,Chattooga           ,3.73
32.8228979,-97.4712978,06-06-2014,A,Powerline,Tarrant,0.1
36.20417,-92.59908,03-30-2014,B,Debris Burning,MARION,4.0
37.36333,-91.4319,02-20-2014,C,Equipment Use,Dent,15.0
30.69709,-90.67466,03-22-2014,B,Miscellaneous,St Helena,0.5
44.30528,-123.36528,09-08-2014,A,Smoking,Benton,0.11
31.6929367,-95.2497143,07-06-2014,B,Debris Burning,Cherokee,3.0
33.4192,-112.0816,06-13-2014,A,Missing/Undefined,Maricopa,0.1
33.32961,-93.8743,08-22-2014,C,Equipment Use,MILLER,15.0
33.256355,-85.712544,08-29-2014,B,Miscellaneous,Clay,5.0
30.71291667,-84.33061111,08-04-2014,B,Debris Burning,Grady               ,0.75
29.052539,-98.67553,08-07-2014,B,Miscellaneous,Atascosa,0.5
32.65116667,-82.65591667,12-13-2014,B,Debris Burning,Johnson             ,0.8
38.15698045,-81.89970742,03-09-2014,B,Debris Burning,Lincoln,1.0
35.08636,-98.55124,10-28-2014,B,Arson,,1.0
41.70023,-97.64818,04-01-2014,B,Debris Burning,,1.0
37.685,-118.7839,08-29-2014,A,Missing/Undefined,Mono,0.1
34.1569,-93.06512,03-12-2014,B,Debris Burning,CLARK,7.0
40.4138,-80.968494,04-01-2014,C,Equipment Use,HARRISON,10.0
43.0771,-77.5338,11-03-2014,A,Arson,MONROE,0.1
34.0103,-113.5022,07-07-2014,A,Lightning,La Paz,0.1
35.74471666,-80.1026,10-02-2014,B,Debris Burning,Davidson,0.7
48.09861111,-116.21666667,08-12-2014,A,Lightning,Bonner,0.1
37.529388,-82.768517,04-10-2014,C,Campfire,Floyd,75.0
36.1195,-76.69233333,03-28-2014,A,Debris Burning,Chowan,0.1
32.4321554,-99.7862059,09-28-2014,A,Miscellaneous,Taylor,0.01
42.9546,-78.0821,04-13-2014,A,Arson,GENESEE,0.1
36.848885,-94.376315,02-27-2014,B,Debris Burning,Newton,1.0
39.49459261,-80.92609234,03-27-2014,B,Powerline,Tyler,0.5
47.02756386,-116.4714659,08-04-2014,A,Lightning,Latah,0.1
57.04138889,-135.20638889,05-25-2014,A,Campfire,Sitka,0.1
44.59138889,-105.39972222,07-19-2014,C,Lightning,Campbell,40.0
33.8917,-117.1958,01-18-2014,A,Missing/Undefined,RIVERSIDE,0.1
44.6328,-101.4921,05-27-2014,A,Lightning,,0.1
34.03392,-85.760741,03-27-2014,C,Miscellaneous,Etowah,15.0
43.73777,-89.59679,03-29-2014,B,Smoking,Marquette,0.3
40.348499,-111.771496,05-16-2014,A,Debris Burning,UTAH,0.1
60.473198,-151.176638,05-23-2014,A,Missing/Undefined,,0.1
31.148475,-97.79583,03-18-2014,D,Miscellaneous,Coryell,200.0
36.110583,-89.381983,05-06-2014,B,Debris Burning,DYER,0.5
34.8589,-106.6719,05-09-2014,A,Debris Burning,,0.1
41.29528,-74.86722,04-06-2014,A,Debris Burning,PIKE,0.1
45.037805,-70.05661,07-17-2014,A,Equipment Use,SOMERSET,0.01
37.5583,-118.7117,02-13-2014,B,Missing/Undefined,Mono,0.5
46.27898,-120.22649,04-09-2014,D,Debris Burning,,121.0
33.32402,-81.031281,02-18-2014,B,Debris Burning,Bamberg County,2.0
32.12756,-93.13422,01-22-2014,B,Debris Burning,Natchitoches,3.67
40.8893,-73.8177,09-15-2014,A,Arson,BRONX,0.1
38.293449,-82.828468,04-20-2014,B,Debris Burning,Carter,2.0
36.03006666,-76.79756666,03-11-2014,A,Debris Burning,Bertie,0.1
36.7875,-79.28055556,01-26-2014,B,Miscellaneous,Pittsylvania,5.0
35.34811,-92.61322,02-19-2014,B,Debris Burning,CONWAY,4.0
40.5575,-121.24083333,07-29-2014,B,Lightning,Lassen,0.5
37.545979,-82.869637,04-14-2014,B,Debris Burning,Floyd,4.0
33.197339,-117.088965,11-04-2014,A,Miscellaneous,SAN DIEGO,0.25
32.49378333,-82.77843333,10-13-2014,B,Railroad,Laurens             ,1.5
35.38472222,-111.45916667,07-31-2014,A,Lightning,Coconino,0.1
37.43936278,-81.24372165,04-10-2014,B,Powerline,Mercer,0.5
31.780584,-86.558392,10-25-2014,C,Miscellaneous,Butler,27.0
33.544617,-115.940217,02-09-2014,A,Arson,RIVERSIDE,0.1
43.2075,-77.6086,05-07-2014,B,Miscellaneous,MONROE,1.75
37.90129116,-82.43925249,03-10-2014,B,Arson,Wayne,3.0
38.8236,-108.4997,07-03-2014,A,Lightning,Mesa,0.1
37.557209,-82.226639,02-28-2014,B,Debris Burning,Pike,1.0
48.385,-114.2283,04-05-2014,B,Debris Burning,Flathead,0.75
37.842325,-75.61483611,06-16-2014,A,Debris Burning,Accomack,0.1
31.38856667,-82.84366389,09-18-2014,A,Debris Burning,Atkinson            ,0.1
48.8305,-99.7425,04-22-2014,A,Arson,,0.1
36.21736,-93.13179,02-17-2014,B,Debris Burning,BOONE,5.0
38.529661,-93.776508,03-13-2014,B,Debris Burning,Henry,1.0
30.41965553,-89.3732308,01-12-2014,B,Children,HANCOCK,9.0
32.748319,-97.3618477,03-18-2014,A,Miscellaneous,Tarrant,0.1
34.19778,-96.61033,12-01-2014,D,Arson,Johnston,299.0
38.96998,-121.0263,03-13-2014,A,Debris Burning,,0.25
39.58,-106.933,06-01-2014,A,Lightning,Eagle,0.1
33.5096,-112.0906,07-26-2014,A,Missing/Undefined,Maricopa,0.1
36.693192,-84.229721,02-26-2014,C,Debris Burning,Whitley,12.0
39.01854169,-79.20149945,02-21-2014,A,Equipment Use,Grant,0.1
33.40276,-80.259811,03-30-2014,B,Arson,Orangeburg County,2.5
34.96666667,-107.96111111,07-17-2014,A,Campfire,Cibola,0.1
33.63242,-92.18075,09-23-2014,B,Debris Burning,BRADLEY,1.0
43.9803,-122.7478,08-21-2014,A,Missing/Undefined,Lane,0.1
43.16055556,-121.94305556,07-02-2014,A,Lightning,Klamath,0.1
42.392849,-88.15784,04-07-2014,B,Miscellaneous,49,2.0
31.57381857,-90.52875064,01-04-2014,B,Campfire,LINCOLN,3.0
35.2457,-83.36135,01-01-2014,B,Miscellaneous,Macon,0.3
48.72472366,-95.62432636,04-23-2014,D,Debris Burning,Roseau,100.0
33.598387,-116.181195,07-09-2014,A,Missing/Undefined,RIVERSIDE,0.12
38.1276,-92.5008,01-26-2014,C,Debris Burning,Miller,40.0
33.947142,-86.42002,11-20-2014,B,Miscellaneous,Blount,2.0
31.604377,-86.812597,01-21-2014,A,Miscellaneous,Butler,0.1
33.3865372,-95.24443739,03-11-2014,A,Debris Burning,Red River,0.25
37.32531018,-80.95567499,04-24-2014,B,Debris Burning,Mercer,5.0
27.645957,-98.201122,07-01-2014,E,Miscellaneous,Jim Wells,300.0
34.7073684,-102.318338,01-13-2014,B,Miscellaneous,Castro,1.0
35.32672,-98.35202,05-26-2014,A,Debris Burning,,0.2
29.016849,-98.372827,03-13-2014,B,Debris Burning,Atascosa,3.0
47.54861111,-115.75916667,08-04-2014,A,Lightning,Shoshone,0.1
38.4197,-96.5036,04-15-2014,F,Debris Burning,,2095.0
34.300575,-79.715492,06-11-2014,C,Arson,Darlington County,30.0
33.8422,-112.1445,07-20-2014,A,Miscellaneous,Maricopa,0.1
48.0261,-94.9017,05-10-2014,B,Arson,,0.5
37.44396667,-91.44826667,03-15-2014,C,Debris Burning,Dent,15.0
39.8861,-108.4744,07-25-2014,A,Lightning,Rio Blanco,0.1
45.25166667,-116.34416667,08-19-2014,A,Lightning,Idaho,0.1
34.03028,-118.52303,01-14-2014,B,Missing/Undefined,,3.0
41.176449,-91.150138,04-09-2014,B,Debris Burning,Louisa,4.0
42.001395,-93.464472,04-02-2014,B,Children,Story,0.5
32.7298,-86.428464,12-12-2014,A,Arson,Chilton,0.1
46.2269,-116.5267,08-06-2014,E,Equipment Use,,630.0
32.4344642,-95.306495,03-24-2014,B,Campfire,Smith,0.5
40.171467,-122.2141,06-01-2014,B,Powerline,TEHAMA,1.0
33.065429,-96.42847,07-04-2014,B,Debris Burning,Collin,2.0
35.0745,-80.14368333,04-12-2014,B,Debris Burning,Anson,2.0
37.510422,-82.566048,03-23-2014,B,Debris Burning,Pike,3.0
33.15338333,-94.70201667,01-22-2014,B,Arson,Morris,3.0
35.2622,-79.73193333,05-19-2014,A,Debris Burning,Montgomery,0.1
41.871833,-111.290667,07-20-2014,A,Miscellaneous,RICH,0.1
33.434306,-97.758579,09-20-2014,B,Miscellaneous,Montague,3.0
36.045895,-112.137789,11-23-2014,A,Campfire,,0.1
33.990196,-81.406921,03-15-2014,B,Equipment Use,Lexington County,0.5
35.2955,-81.73573333,03-14-2014,A,Miscellaneous,Rutherford,0.1
32.1567,-113.0164,07-20-2014,A,Miscellaneous,,0.1
38.38916667,-119.34083333,07-20-2014,A,Lightning,Mono,0.1
32.60583333,-82.42611111,03-21-2014,B,Debris Burning,Emanuel             ,2.6
44.905,-121.5375,07-31-2014,A,Lightning,,0.1
39.8873793,-89.6163685,03-15-2014,B,Debris Burning,84,0.5
35.64933333,-81.88625,02-09-2014,A,Fireworks,McDowell,0.2
29.9138,-82.9497,03-25-2014,C,Debris Burning,Lafayette,21.9
32.849625,-97.42215,03-20-2014,A,Miscellaneous,Tarrant,0.1
31.66525856,-90.21338722,01-21-2014,C,Miscellaneous,LAWRENCE,45.0
32.109261,-95.39845,01-25-2014,B,Debris Burning,Cherokee,0.5
27.9660943,-97.97682789,02-13-2014,B,Equipment Use,Jim Wells,0.5
40.41306,-79.54222,03-17-2014,A,Debris Burning,WESTMORELAND,0.1
29.0513,-81.2463,01-07-2014,A,Campfire,Volusia,0.2
35.8753,-110.295,02-20-2014,B,Arson,,1.7
32.81083333,-83.66955556,08-16-2014,B,Debris Burning,Bibb                ,5.45
32.23461944,-83.36548333,02-18-2014,B,Smoking,Pulaski             ,1.54
35.38181666,-79.073,03-14-2014,B,Debris Burning,Harnett,1.4
44.36939174,-99.62041855,04-26-2014,B,Miscellaneous,Hyde,1.0
34.487202,-80.601631,01-24-2014,B,Debris Burning,Kershaw County,0.5
41.6022,-74.1731,11-02-2014,A,Arson,ULSTER,0.1
35.0244,-79.75916666,01-25-2014,A,Arson,Richmond,0.1
33.4984,-112.1045,06-02-2014,A,Missing/Undefined,Maricopa,0.1
38.64277778,-93.02972222,03-09-2014,B,Debris Burning,Morgan,3.0
33.09638889,-82.0625,03-31-2014,B,Debris Burning,Burke               ,3.36
32.166682,-95.093115,04-26-2014,A,Debris Burning,Smith,0.25
41.7192,-119.8933,08-02-2014,A,Lightning,Washoe,0.1
40.1289,-74.0601,04-09-2014,A,Smoking,Monmouth,0.25
29.1454,-82.5458,12-13-2014,B,Debris Burning,Levy,4.0
35.36166666,-79.255,07-04-2014,A,Fireworks,Lee,0.1
44.5262333,-71.573,09-27-2014,A,Campfire,Coos,0.01
33.531,-111.9598,05-03-2014,A,Missing/Undefined,Maricopa,0.1
45.537,-112.7008,07-12-2014,A,Lightning,Beaverhead,0.01
29.4017,-81.6013,06-22-2014,B,Lightning,Putnam,2.0
33.440609,-97.768192,09-20-2014,B,Debris Burning,Montague,4.0
40.86948,-77.19792,10-28-2014,A,Debris Burning,UNION,0.25
40.735,-73.6728,08-11-2014,A,Miscellaneous,NASSAU,0.1
39.664867,-121.9422,10-23-2014,D,Missing/Undefined,BUTTE,104.0
33.17362,-117.109587,11-09-2014,A,Miscellaneous,SAN DIEGO,0.01
31.75369792,-88.87803298,03-01-2014,C,Debris Burning,WAYNE,20.0
31.43527778,-93.75833333,05-02-2014,D,Lightning,Sabine,224.4
35.2203,-93.108,01-18-2014,B,Debris Burning,POPE,8.0
33.4085,-111.9523,04-29-2014,A,Missing/Undefined,Maricopa,0.1
43.023314,-102.563139,02-14-2014,B,Arson,,0.5
34.192382,-86.04443,02-24-2014,A,Miscellaneous,Etowah,0.1
43.08221,-90.17834,05-24-2014,B,Debris Burning,Iowa,0.6
32.52,-81.158333,03-02-2014,B,Arson,Jasper County,2.0
33.121593,-85.438396,04-01-2014,C,Miscellaneous,Randolph,14.0
48.1156,-105.1708,07-03-2014,A,Fireworks,,0.2
32.195008,-101.626625,08-07-2014,B,Miscellaneous,Howard,0.5
37.9263,-93.5761,03-30-2014,B,Debris Burning,Saint Clair,8.0
39.6011,-74.3338,05-11-2014,A,Miscellaneous,Ocean,0.25
33.615584,-87.692266,02-10-2014,B,Structure,Fayette,0.5
63.85,-148.75,05-29-2014,A,Missing/Undefined,,0.1
32.7787795,-97.384956,03-12-2014,A,Miscellaneous,Tarrant,0.1
35.95527778,-81.71194444,04-13-2014,A,Debris Burning,Caldwell,0.1
32.436734,-85.030909,09-01-2014,B,Miscellaneous,Russell,1.0
39.866667,-123.594167,07-30-2014,C,Miscellaneous,MENDOCINO,12.0
40.7592,-73.7118,07-10-2014,A,Miscellaneous,NASSAU,0.1
44.11757,-103.08913,04-18-2014,A,Miscellaneous,Pennington,0.25
41.1641,-74.0462,12-15-2014,A,Arson,ROCKLAND,0.1
37.39972222,-118.93527778,08-18-2014,A,Lightning,Fresno,0.1
30.981742,-98.598862,04-24-2014,C,Debris Burning,San Saba,10.0
33.923605,-85.436005,02-16-2014,A,Miscellaneous,Cleburne,0.1
32.119706,-94.964557,11-11-2014,A,Powerline,Rusk,0.25
40.85047162,-115.7817912,04-13-2014,A,Miscellaneous,Elko,0.1
45.90916667,-114.69861111,07-11-2014,C,Lightning,Idaho,21.0
33.4466,-112.1253,05-17-2014,A,Missing/Undefined,Maricopa,0.1
31.063475,-97.747093,04-04-2014,B,Miscellaneous,Bell,1.0
31.634676,-97.957535,06-03-2014,B,Debris Burning,Hamilton,1.0
31.935826,-85.421127,10-11-2014,A,Miscellaneous,Barbour,0.1
35.24066666,-82.26361666,12-15-2014,A,Debris Burning,Polk,0.2
44.27222222,-114.80583333,10-17-2014,A,Campfire,Custer,0.1
42.0863,-75.7088,05-08-2014,A,Miscellaneous,BROOME,0.1
33.99146389,-84.95190278,03-14-2014,C,Debris Burning,Paulding            ,19.8
48.1042,-105.2069,09-03-2014,A,Campfire,,0.1
33.3475,-111.847,01-27-2014,A,Missing/Undefined,Maricopa,0.1
30.7684,-85.4157,03-15-2014,A,Arson,Jackson,0.1
35.717594,-119.633267,08-17-2014,D,Missing/Undefined,Kern,117.1
28.6302,-81.8777,03-19-2014,B,Miscellaneous,Lake,3.6
40.8276,-73.8227,04-25-2014,A,Lightning,BRONX,0.1
43.98722222,-122.35166667,08-11-2014,B,Lightning,Lane,1.0
37.063617,-121.795717,02-18-2014,B,Debris Burning,SANTA CRUZ,1.0
42.04972222,-111.45694444,08-03-2014,A,Campfire,Bear Lake,0.1
40.98444444,-121.43555556,02-14-2014,A,Campfire,Shasta,0.1
46.38104,-120.73304,05-17-2014,A,Powerline,,0.1
35.85505,-88.182233,06-23-2014,B,Debris Burning,BENTON,0.5
41.43055556,-121.75777778,07-17-2014,A,Lightning,Siskiyou,0.1
33.183823,-80.350952,01-20-2014,B,Arson,Dorchester County,1.0
42.4369,-78.3291,04-20-2014,A,Miscellaneous,CATTARAUGUS,0.25
34.293814,-102.842503,07-11-2014,C,Debris Burning,Bailey,10.0
39.043906,-122.962569,03-20-2014,C,Miscellaneous,,10.0
39.440083,-122.010472,08-03-2014,A,Debris Burning,Glenn,0.1
35.2682,-112.7277,05-13-2014,A,Miscellaneous,Yavapai,0.1
41.706143,-71.765758,07-13-2014,B,Miscellaneous,Kent,0.5
47.33583333,-115.095,08-02-2014,A,Lightning,Mineral,0.25
38.28388889,-119.84055556,07-05-2014,A,Miscellaneous,Tuolumne,0.25
44.5503,-73.4271,04-12-2014,B,Miscellaneous,CLINTON,1.67
40.67389,-77.70917,05-26-2014,A,Equipment Use,HUNTINGDON,0.1
36.4775,-96.3986,02-19-2014,B,Equipment Use,,1.0
35.84916667,-112.06361111,07-19-2014,A,Lightning,Coconino,0.1
32.6353751,-89.31616306,08-28-2014,C,Campfire,NESHOBA,54.0
43.366972,-70.901917,04-20-2014,A,Children,YORK,0.1
34.711056,-87.82004,01-31-2014,B,Arson,Colbert,4.0
26.1981,-81.5358,10-25-2014,A,Debris Burning,Collier,0.1
31.09397222,-83.53694444,01-21-2014,B,Debris Burning,Cook                ,2.1
37.719167,-121.660278,07-01-2014,C,Missing/Undefined,ALAMEDA,55.0
36.30226666,-81.12601666,03-08-2014,B,Debris Burning,Wilkes,0.5
48.33558,-118.26193,04-14-2014,C,Debris Burning,,25.5
39.528278,-121.462147,08-11-2014,A,Arson,BUTTE,0.1
34.59317,-80.056458,09-21-2014,B,Debris Burning,Chesterfield County,1.0
41.33277778,-122.63805556,08-11-2014,A,Miscellaneous,Siskiyou,0.01
32.107588,-100.611935,01-27-2014,B,Powerline,Nolan,1.0
33.611,-112.1032,01-01-2014,A,Missing/Undefined,Maricopa,0.1
41.0429,-73.797,06-02-2014,A,Miscellaneous,WESTCHESTER,0.1
34.08305556,-83.58305556,02-17-2014,B,Debris Burning,Jackson             ,1.46
33.067952,-99.359837,10-14-2014,B,Lightning,Throckmorton,2.0
43.1607,-77.6933,07-06-2014,A,Miscellaneous,MONROE,0.1
40.6577,-73.8375,08-02-2014,A,Miscellaneous,QUEENS,0.1
36.733087,-119.272848,10-31-2014,A,Missing/Undefined,FRESNO,0.18
41.939543,-112.006883,07-21-2014,B,Debris Burning,CACHE,0.5
40.87444444,-123.53194444,07-05-2014,A,Miscellaneous,Trinity,0.1
37.0851886,-94.4580194,01-25-2014,B,Debris Burning,Jasper,1.0
35.34713333,-79.5948,03-13-2014,B,Debris Burning,Moore,4.0
39.4026,-75.1812,05-08-2014,A,Arson,Cumberland,0.25
44.36166667,-116.17333333,08-12-2014,A,Lightning,Gem,0.17
44.00322,-90.0269,10-19-2014,A,Arson,Juneau,0.1
39.7721,-75.0463,04-06-2014,B,Arson,Camden,3.0
33.86592069,-89.29593974,03-27-2014,C,Debris Burning,CALHOUN,10.0
45.848,-95.167,06-30-2014,A,Arson,Douglas,0.1
28.0205733,-97.054434,02-25-2014,B,Miscellaneous,Aransas,2.0
35.0362,-83.75075,10-26-2014,A,Arson,Clay,0.1
34.80638889,-76.93027778,05-05-2014,B,Debris Burning,Carteret,1.0
28.958587,-95.84404,02-18-2014,B,Arson,Matagorda,0.5
36.32415,-91.19587,04-10-2014,B,Debris Burning,RANDOLPH,1.0
38.243611,-120.615278,07-02-2014,A,Missing/Undefined,CALAVERAS,0.25
47.9336,-98.6756,05-26-2014,C,Arson,,10.0
26.946,-81.7485,05-18-2014,B,Miscellaneous,Charlotte,5.0
41.1146,-74.1018,04-22-2014,B,Lightning,ROCKLAND,2.63
32.38766944,-83.880025,02-25-2014,B,Debris Burning,Macon               ,1.3
34.70333333,-85.21722222,04-01-2014,B,Campfire,Walker              ,0.3
34.95606666,-79.73311666,03-10-2014,A,Arson,Richmond,0.1
32.68027778,-82.3025,01-18-2014,B,Smoking,Emanuel             ,8.5
36.67805556,-78.36408333,11-03-2014,A,Equipment Use,Mecklenburg,0.2
35.52433333,-76.95466666,03-27-2014,A,Miscellaneous,Beaufort,0.1
34.4938,-112.4982,06-13-2014,A,Missing/Undefined,Yavapai,0.01
33.884269,-117.416234,07-02-2014,B,Miscellaneous,RIVERSIDE,1.0
34.06948,-94.32095,05-04-2014,B,Debris Burning,SEVIER,4.0
35.46351666,-78.81656666,05-22-2014,A,Children,Harnett,0.2
33.89676642,-88.60578173,03-11-2014,B,Campfire,MONROE,7.0
47.57833333,-115.24,07-31-2014,B,Railroad,Sanders,0.51
33.978409,-81.195122,09-02-2014,B,Miscellaneous,Lexington County,5.0
45.07833333,-116.94222222,07-23-2014,A,Lightning,Baker,0.1
40.059,-74.2758,11-21-2014,A,Miscellaneous,Ocean,0.25
42.20416667,-120.99638889,07-01-2014,B,Lightning,Lake,2.1
37.86972222,-91.92222222,04-06-2014,C,Arson,Phelps,62.0
35.31376666,-79.07195,03-28-2014,A,Debris Burning,Harnett,0.1
38.59086,-105.25961,05-28-2014,A,Missing/Undefined,Fremont,0.1
33.9344,-91.8316,01-21-2014,B,Debris Burning,LINCOLN,1.0
37.70554,-83.185097,03-14-2014,C,Debris Burning,Magoffin,35.0
30.47816,-90.6285,12-15-2014,B,Debris Burning,Livingston,4.5
31.9767,-110.4382,07-08-2014,B,Arson,Cochise,0.56
43.23583333,-122.80027778,08-11-2014,B,Lightning,Douglas,0.5
40.7379,-73.1301,03-23-2014,A,Miscellaneous,SUFFOLK,0.1
33.120024,-95.053368,11-06-2014,B,Debris Burning,Titus,2.0
40.472233,-122.436267,05-31-2014,B,Equipment Use,SHASTA,0.75
48.0031,-123.3772,08-12-2014,A,Lightning,,0.1
44.2427,-103.8873,05-26-2014,C,Campfire,Lawrence,31.8
33.34373,-91.77585,11-26-2014,B,Debris Burning,ASHLEY,5.0
34.09778788,-89.96162398,11-22-2014,B,Debris Burning,TALLAHATCHIE,8.0
33.708549,-85.716909,06-25-2014,B,Miscellaneous,Calhoun,2.0
34.73258333,-85.22835556,03-02-2014,B,Debris Burning,Walker              ,1.09
44.1294,-75.7694,04-11-2014,A,Miscellaneous,JEFFERSON,0.1
30.454464,-96.141508,05-15-2014,B,Miscellaneous,Brazos,1.0
37.4533,-112.8258,07-15-2014,B,Lightning,Kane,0.3
36.3511,-93.67235,04-20-2014,C,Arson,CARROLL,30.0
40.55344,-122.44431,11-04-2014,B,Debris Burning,SHASTA,1.0
35.55605,-80.83471666,03-02-2014,A,Debris Burning,Iredell,0.2
47.64805556,-94.0675,05-24-2014,B,Debris Burning,Itasca,1.5
44.7625,-121.2669,03-15-2014,A,Children,,0.1
44.24527778,-119.80861111,07-24-2014,B,Lightning,Crook,1.0
34.56805556,-118.46944444,12-27-2014,A,Miscellaneous,Los Angeles,0.1
35.3243,-80.95273333,01-23-2014,A,Children,Mecklenburg,0.1
32.27820278,-81.190325,03-31-2014,A,Debris Burning,Effingham           ,0.2
30.615773,-96.286197,07-01-2014,B,Debris Burning,Brazos,1.0
44.02122,-99.5742,07-23-2014,B,Equipment Use,,6.0
41.4432,-74.5326,11-19-2014,A,Miscellaneous,ORANGE,0.1
33.5796,-112.0901,06-19-2014,A,Missing/Undefined,Maricopa,0.1
38.01038519,-81.81410785,03-15-2014,B,Debris Burning,Boone,0.5
48.58222222,-115.89916667,08-13-2014,A,Lightning,Lincoln,0.1
34.26985,-85.15616667,10-14-2014,B,Debris Burning,Floyd               ,1.0
36.986883,-120.059717,04-22-2014,A,Missing/Undefined,MADERA,0.1
44.9168,-107.13956,06-02-2014,B,Debris Burning,Sheridan,1.0
38.43472222,-119.71888889,07-21-2014,A,Lightning,Alpine,0.01
47.8769,-94.9286,04-10-2014,B,Arson,,0.3
38.54933333,-93.99866667,03-31-2014,D,Debris Burning,Henry,158.0
26.3936,-81.3482,02-17-2014,C,Arson,Collier,60.0
39.7453,-106.883,07-26-2014,B,Lightning,Eagle,2.6
35.50012583,-77.75012861,11-22-2014,B,Debris Burning,Greene,4.0
43.2318,-77.6573,07-01-2014,A,Miscellaneous,MONROE,0.1
40.9687,-74.6165,04-09-2014,B,Campfire,Morris,1.5
31.2563,-81.8004,06-19-2014,B,Debris Burning,Brantley            ,2.1
42.78611111,-122.18722222,07-23-2014,B,Lightning,Jackson,1.0
42.8003,-96.913,08-30-2014,C,Debris Burning,Clay,20.0
36.033649,-118.866461,07-21-2014,B,Missing/Undefined,,7.3
32.87944444,-116.44111111,11-30-2014,B,Campfire,San Diego,0.6
37.108,-91.85,09-07-2014,B,Debris Burning,Texas,1.0
34.34645,-92.81858,01-22-2014,B,Miscellaneous,HOT SPRING,1.0
41.21255,-121.5234,08-10-2014,A,Lightning,SISKIYOU,0.1
26.4974,-81.2924,06-30-2014,C,Lightning,Collier,85.0
32.697735,-95.06895,05-07-2014,B,Debris Burning,Upshur,5.0
30.95101944,-84.02366944,02-19-2014,B,Debris Burning,Thomas              ,0.83
39.112264,-122.820154,08-29-2014,A,Miscellaneous,LAKE,0.25
43.99333333,-122.71388889,02-28-2014,A,Miscellaneous,Douglas,0.1
30.81459843,-89.64364818,12-10-2014,C,Debris Burning,PEARL RIVER,20.0
40.7367,-75.1283,11-20-2014,B,Equipment Use,Warren,1.0
36.559733,-83.564367,11-20-2014,B,Debris Burning,CLAIBORNE,0.5
38.21119444,-77.69164167,03-15-2014,B,Debris Burning,Spotsylvania,8.0
34.6028,-92.32175,01-16-2014,B,Debris Burning,SALINE,1.0
45.5158,-118.7686,07-05-2014,C,Equipment Use,,35.0
28.4018,-81.377,03-14-2014,B,Arson,Orange,0.6
35.021117,-84.756133,03-02-2014,B,Debris Burning,POLK,7.0
40.8673,-73.8293,06-30-2014,A,Miscellaneous,BRONX,0.1
40.593167,-122.39655,01-16-2014,B,Miscellaneous,SHASTA,0.3
38.18833333,-106.08111111,07-07-2014,A,Lightning,Saguache,0.1
42.4175,-118.6669,07-21-2014,A,Lightning,Harney,0.1
34.41816389,-84.79611111,04-02-2014,C,Debris Burning,Gordon              ,10.98
43.52677092,-97.35128688,08-20-2014,C,Miscellaneous,McCook,20.0
37.86048,-119.64409,07-17-2014,A,Lightning,,0.1
32.58763889,-83.02421667,05-12-2014,A,Debris Burning,Laurens             ,0.05
41.08905,-76.18439,03-22-2014,A,Debris Burning,LUZERNE,0.25
42.7498,-73.9265,04-14-2014,B,Smoking,SCHENECTADY,1.25
37.43805556,-78.56566667,04-14-2014,A,Arson,Buckingham,0.2
34.005418,-98.71387099,03-11-2014,B,Miscellaneous,Wichita,0.5
33.4754073,-97.7097397,06-15-2014,B,Equipment Use,Montague,5.0
38.19765644,-81.48731515,03-20-2014,A,Arson,Kanawha,0.1
33.549472,-115.929606,06-15-2014,B,Missing/Undefined,Riverside,5.6
40.5084,-122.59025,04-29-2014,B,Debris Burning,SHASTA,4.0
42.13472222,-122.76861111,08-02-2014,A,Lightning,Jackson,0.01
33.96666667,-110.95472222,07-03-2014,A,Lightning,Gila,0.25
44.3275,-115.91833333,08-06-2014,A,Lightning,Valley,0.1
29.6523,-83.0019,11-20-2014,A,Miscellaneous,Dixie,0.1
36.5876,-120.49675,05-25-2014,A,Debris Burning,FRESNO,0.1
44.5247,-103.9382,04-09-2014,A,Debris Burning,Lawrence,0.25
44.005,-121.32472,09-02-2014,B,Equipment Use,Deschutes,6.0
43.4469,-73.2956,05-10-2014,B,Miscellaneous,WASHINGTON,0.33
31.76436943,-90.880083,03-02-2014,B,Debris Burning,JEFFERSON,3.0
32.74976,-93.31512,09-26-2014,B,Debris Burning,Webster,0.58
33.148762,-95.013199,11-19-2014,B,Debris Burning,Titus,1.0
32.150664,-94.391016,01-20-2014,A,Debris Burning,Panola,0.15
29.1841,-81.2084,05-31-2014,B,Lightning,Volusia,1.6
36.833599,-84.080963,03-15-2014,B,Debris Burning,Whitley,3.0
34.35024722,-83.75006944,11-07-2014,B,Debris Burning,Hall                ,0.67
33.694798,-79.827278,06-09-2014,B,Debris Burning,Williamsburg County,1.0
42.2269,-73.7474,03-07-2014,A,Miscellaneous,COLUMBIA,0.1
47.6519,-117.2955,08-12-2014,A,Lightning,063,0.01
42.04559,-120.9535,08-12-2014,A,Lightning,Klamath,0.1
40.7313,-73.4583,09-20-2014,A,Miscellaneous,NASSAU,0.1
36.651215,-119.574562,10-13-2014,B,Debris Burning,FRESNO,1.0
32.040177,-88.167452,12-02-2014,C,Miscellaneous,Choctaw,30.0
43.22255,-116.10779,07-17-2014,B,Equipment Use,Ada,7.4
26.0039,-80.5004,03-09-2014,E,Arson,Broward,350.0
33.11838889,-82.14863611,07-18-2014,A,Debris Burning,Burke               ,0.24
34.888,-79.9216,04-27-2014,A,Debris Burning,Anson,0.2
39.518017,-121.490333,05-28-2014,A,Miscellaneous,BUTTE,0.1
37.231022,-83.152199,03-26-2014,B,Debris Burning,Perry,2.0
40.567194,-112.27899,08-01-2014,B,Missing/Undefined,Tooele,2.5
45.03213,-83.55896,04-20-2014,B,Debris Burning,Alpena,0.6
38.507262,-122.929964,07-25-2014,B,Miscellaneous,SONOMA,0.33
37.845317,-120.186483,01-09-2014,B,Miscellaneous,TUOLUMNE,0.3
40.8082,-73.9132,06-06-2014,A,Debris Burning,BRONX,0.1
41.72021,-97.6959,02-20-2014,B,Debris Burning,,2.0
34.503,-112.2448,11-29-2014,A,Missing/Undefined,Yavapai,0.02
31.61538889,-83.08366667,10-28-2014,B,Debris Burning,Irwin               ,6.8
34.036559,-86.455298,10-27-2014,A,Powerline,Blount,0.25
37.7842,-114.5356,07-02-2014,A,Lightning,Lincoln,0.1
31.079,-92.749,12-09-2014,C,Debris Burning,Rapides-2,11.89
30.53928727,-89.72037628,01-17-2014,B,Debris Burning,PEARL RIVER,1.0
30.1912,-81.441,06-08-2014,B,Lightning,Duval,0.3
41.533101,-83.984906,03-30-2014,B,Debris Burning,FULTON,0.3
35.61505,-81.32705,04-01-2014,A,Debris Burning,Catawba,0.1
37.82061,-119.27634,09-15-2014,A,Campfire,,0.1
41.0975,-73.9517,04-24-2014,B,Miscellaneous,ROCKLAND,0.91
33.3956,-112.1314,01-20-2014,A,Missing/Undefined,Maricopa,0.1
63.979583,-145.5517,03-13-2014,B,Missing/Undefined,,3.0
40.6476026,-88.9240153,05-31-2014,B,Campfire,57,3.0
36.0561,-77.97985,04-22-2014,A,Equipment Use,Nash,0.1
33.4472,-112.0295,07-26-2014,A,Missing/Undefined,Maricopa,0.1
38.35277778,-119.85111111,07-28-2014,A,Miscellaneous,Tuolumne,0.01
36.404533,-82.36745,03-14-2014,B,Debris Burning,SULLIVAN,2.0
34.473263,-82.559265,03-30-2014,A,Structure,Anderson County,0.1
39.577547,-90.912771,03-26-2014,C,Equipment Use,75,40.0
48.57888889,-115.88611111,07-27-2014,A,Lightning,Lincoln,0.25
41.5211,-74.162,04-12-2014,B,Miscellaneous,ORANGE,1.03
34.78213889,-83.44169722,11-05-2014,B,Debris Burning,Rabun               ,0.95
33.876317,-117.462133,02-24-2014,B,Equipment Use,RIVERSIDE,1.0
32.172358,-99.980907,06-01-2014,B,Debris Burning,Taylor,0.5
31.844607,-96.966105,06-20-2014,B,Debris Burning,Hill,5.0
31.84972222,-83.26638889,03-13-2014,B,Children,Ben Hill            ,2.33
33.820552,-98.55629,10-29-2014,C,Equipment Use,Archer,25.0
38.35476667,-81.88025564,04-02-2014,A,Children,Kanawha,0.1
34.47611111,-118.30444444,11-24-2014,A,Equipment Use,Los Angeles,0.1
41.442167,-122.433983,04-09-2014,A,Smoking,SISKIYOU,0.1